YEAR,TEAM NO,TEAM,SEED,ROUND,RPPF PRESEASON RANK,PRESEASON RPPF RATING,RPPF RATING CHANGE RANK,RPPF RATING CHANGE,RPPF RATING RANK CHANGE RANK
2025,1147,Akron,13,64,141,0.6567,113,0.0444,44
2025,1146,Alabama,2,8,10,0.8844,101,0.0566,6
2025,1145,Alabama St.,16,64,335,0.3533,52,0.1099,69
2025,1144,American,16,68,240,0.5163,217,-0.0349,-13
2025,1143,Arizona,2,16,12,0.8822,146,0.015,1
2025,1142,Arkansas,10,16,17,0.8695,243,-0.0582,-27
2025,1141,Auburn,1,4,21,0.8589,55,0.1078,19
2025,1140,Baylor,9,32,19,0.8683,206,-0.0281,-11
2025,1139,Bryant,15,64,182,0.5954,143,0.0163,35
2025,1138,BYU,6,16,39,0.8168,114,0.0432,17
2025,1137,Clemson,5,64,38,0.821,116,0.0421,17
2025,1136,Colorado St.,12,32,63,0.7729,129,0.0255,11
2025,1135,Connecticut,8,32,3,0.9397,285,-0.1043,-32
2025,1134,Creighton,9,32,4,0.9153,266,-0.0854,-32
2025,1133,Drake,11,32,79,0.7514,121,0.035,21
2025,1132,Duke,1,4,8,0.8968,66,0.0948,7
2025,1131,Florida,1,1,29,0.8414,45,0.1237,26
2025,1130,Georgia,9,64,87,0.7344,60,0.1047,55
2025,1129,Gonzaga,8,32,6,0.9055,149,0.0131,0
2025,1128,Grand Canyon,13,64,83,0.7451,191,-0.0179,0
2025,1127,High Point,13,64,249,0.4993,14,0.2135,157
2025,1126,Houston,1,2,5,0.9147,130,0.0249,0
2025,1125,Illinois,6,32,23,0.8515,135,0.0218,7
2025,1124,Iowa St.,3,32,48,0.7997,58,0.1054,38
2025,1123,Kansas,7,64,1,0.9701,294,-0.1106,-22
2025,1122,Kentucky,3,64,18,0.8685,156,0.0085,3
2025,1121,Liberty,12,64,85,0.7403,102,0.0563,32
2025,1120,Lipscomb,14,64,156,0.6357,72,0.088,69
2025,1119,Louisville,8,64,157,0.6345,9,0.2326,138
2025,1118,Marquette,7,64,11,0.8837,204,-0.0274,-15
2025,1117,Maryland,4,16,31,0.8382,91,0.0683,22
2025,1116,McNeese St.,12,32,269,0.4685,1,0.3102,207
2025,1115,Memphis,5,64,28,0.8422,223,-0.0404,-20
2025,1114,Michigan,5,16,53,0.7875,74,0.0839,36
2025,1113,Michigan St.,2,8,9,0.8904,178,-0.007,-5
2025,1112,Mississippi,6,16,62,0.7739,77,0.0827,37
2025,1111,Mississippi St.,8,64,41,0.8158,122,0.0347,13
2025,1110,Missouri,6,64,44,0.806,94,0.0631,26
2025,1109,Montana,14,64,159,0.6304,161,0.0037,17
2025,1108,Mount St. Mary's,16,64,185,0.5898,278,-0.1019,-62
2025,1107,Nebraska Omaha,15,64,284,0.4388,16,0.2034,144
2025,1106,New Mexico,10,32,46,0.8027,128,0.0261,9
2025,1105,Norfolk St.,16,64,248,0.4995,85,0.0781,70
2025,1104,North Carolina,11,64,13,0.8814,231,-0.0447,-20
2025,1103,Oklahoma,9,64,67,0.7688,97,0.0593,29
2025,1102,Oregon,5,32,34,0.8281,150,0.0121,3
2025,1101,Purdue,4,16,2,0.9565,281,-0.1031,-25
2025,1100,Robert Morris,15,64,285,0.4378,28,0.1662,129
2025,1099,Saint Francis,16,68,360,0.2338,31,0.1608,50
2025,1098,Saint Mary's,7,32,25,0.8482,152,0.0103,1
2025,1097,San Diego St.,11,68,26,0.8447,230,-0.0444,-24
2025,1096,SIU Edwardsville,16,64,231,0.5266,158,0.0066,13
2025,1095,St. John's,2,32,52,0.79,63,0.1014,40
2025,1094,Tennessee,2,8,7,0.9007,139,0.0177,0
2025,1093,Texas,11,68,15,0.8706,226,-0.0433,-24
2025,1092,Texas A&M,4,32,16,0.8697,173,-0.0028,-4
2025,1091,Texas Tech,3,8,47,0.802,50,0.1105,39
2025,1090,Troy,14,64,239,0.5166,21,0.1826,141
2025,1089,UC San Diego,12,64,186,0.5895,12,0.2186,140
2025,1088,UCLA,7,32,30,0.8394,160,0.0049,1
2025,1087,UNC Wilmington,14,64,96,0.7122,207,-0.0283,-14
2025,1086,Utah St.,10,64,97,0.7104,73,0.086,43
2025,1085,Vanderbilt,10,64,80,0.7497,89,0.0692,37
2025,1084,VCU,11,64,74,0.7589,87,0.0765,40
2025,1083,Wisconsin,3,32,32,0.8376,108,0.0519,19
2025,1082,Wofford,15,64,294,0.4197,11,0.221,153
2025,1081,Xavier,11,64,71,0.7633,96,0.0594,30
2025,1080,Yale,13,64,77,0.7526,182,-0.0089,0
2024,1079,Akron,14,64,141,0.6567,165,0.0252,12
2024,1078,Alabama,4,4,10,0.8844,196,0.0024,-5
2024,1077,Arizona,2,16,12,0.8822,77,0.085,8
2024,1076,Auburn,4,64,21,0.8589,47,0.115,18
2024,1075,Baylor,3,32,19,0.8683,185,0.0137,2
2024,1074,Boise St.,10,68,60,0.7745,119,0.0546,16
2024,1073,BYU,6,64,39,0.8168,101,0.0649,21
2024,1072,Clemson,6,8,38,0.821,150,0.0333,8
2024,1071,Colgate,14,64,90,0.72,320,-0.1006,-81
2024,1070,College of Charleston,13,64,84,0.7409,197,0.0024,-12
2024,1069,Colorado,10,32,27,0.8424,183,0.0154,-2
2024,1068,Colorado St.,10,64,63,0.7729,109,0.0617,24
2024,1067,Connecticut,1,1,3,0.9397,131,0.0462,2
2024,1066,Creighton,3,16,4,0.9153,201,0.0003,-8
2024,1065,Dayton,7,32,70,0.7634,87,0.0779,34
2024,1064,Drake,10,64,79,0.7514,114,0.0581,25
2024,1063,Duke,4,8,8,0.8968,162,0.0268,0
2024,1062,Duquesne,11,32,58,0.7791,195,0.0044,-10
2024,1061,Florida,7,64,29,0.8414,163,0.0262,4
2024,1060,Florida Atlantic,8,64,24,0.8514,244,-0.0258,-24
2024,1059,Gonzaga,5,16,6,0.9055,194,0.005,-7
2024,1058,Grambling St.,16,64,235,0.5197,273,-0.0523,-44
2024,1057,Grand Canyon,12,32,83,0.7451,130,0.0465,21
2024,1056,Houston,1,16,5,0.9147,141,0.0371,0
2024,1055,Howard,16,68,213,0.5531,297,-0.0708,-58
2024,1054,Illinois,3,8,23,0.8515,106,0.0643,12
2024,1053,Iowa St.,2,16,48,0.7997,38,0.1251,41
2024,1052,James Madison,12,32,101,0.7054,68,0.0928,42
2024,1051,Kansas,4,32,1,0.9701,339,-0.1288,-34
2024,1050,Kentucky,3,64,18,0.8685,160,0.0277,4
2024,1049,Long Beach St.,15,64,109,0.6947,317,-0.0947,-73
2024,1048,Longwood,16,64,214,0.5516,91,0.0729,48
2024,1047,Marquette,2,16,11,0.8837,142,0.0368,2
2024,1046,McNeese St.,12,64,269,0.4685,1,0.3156,203
2024,1045,Michigan St.,9,32,9,0.8904,219,-0.013,-11
2024,1044,Mississippi St.,8,64,41,0.8158,122,0.0528,17
2024,1043,Montana St.,16,68,266,0.4759,66,0.0949,62
2024,1042,Morehead St.,14,64,222,0.543,31,0.1351,91
2024,1041,Nebraska,8,64,45,0.804,112,0.0592,17
2024,1040,Nevada,10,64,65,0.7717,93,0.0709,31
2024,1039,New Mexico,11,64,46,0.8027,79,0.0826,30
2024,1038,North Carolina,1,16,13,0.8814,125,0.0507,7
2024,1037,North Carolina St.,11,4,66,0.7711,148,0.0341,9
2024,1036,Northwestern,9,32,37,0.8234,189,0.0108,-4
2024,1035,Oakland,14,32,263,0.4788,3,0.2121,138
2024,1034,Oregon,11,32,34,0.8281,222,-0.0134,-17
2024,1033,Purdue,1,2,2,0.9565,169,0.0229,0
2024,1032,Saint Mary's,5,64,25,0.8482,155,0.0312,6
2024,1031,Saint Peter's,15,64,298,0.4164,20,0.1497,93
2024,1030,Samford,13,64,154,0.6359,42,0.1233,65
2024,1029,San Diego St.,5,16,26,0.8447,174,0.0192,-1
2024,1028,South Carolina,6,64,107,0.6999,37,0.1263,60
2024,1027,South Dakota St.,15,64,162,0.6224,121,0.0531,30
2024,1026,Stetson,16,64,179,0.6031,305,-0.0776,-55
2024,1025,TCU,9,64,20,0.8625,216,-0.0099,-11
2024,1024,Tennessee,2,8,7,0.9007,180,0.0162,-3
2024,1023,Texas,7,32,15,0.8706,204,-0.001,-8
2024,1022,Texas A&M,9,32,16,0.8697,248,-0.0288,-21
2024,1021,Texas Tech,6,64,47,0.802,105,0.0644,21
2024,1020,UAB,12,64,76,0.7556,243,-0.0254,-25
2024,1019,Utah St.,8,32,97,0.7104,56,0.1015,44
2024,1018,Vermont,13,64,134,0.668,143,0.0367,20
2024,1017,Virginia,10,68,59,0.7764,262,-0.0409,-39
2024,1016,Wagner,16,64,282,0.4395,218,-0.0123,-23
2024,1015,Washington St.,7,32,75,0.7568,92,0.0722,30
2024,1014,Western Kentucky,15,64,218,0.5471,28,0.1383,91
2024,1013,Wisconsin,5,64,32,0.8376,145,0.0354,10
2024,1012,Yale,13,32,77,0.7526,188,0.0122,-4
2023,1011,Alabama,1,16,28,0.8417,34,0.1214,25
2023,1010,Arizona,2,64,9,0.9018,123,0.0525,4
2023,1009,Arizona St.,11,64,60,0.7796,166,0.0279,4
2023,1008,Arkansas,8,16,14,0.8728,192,0.0154,-2
2023,1007,Auburn,9,32,13,0.88,243,-0.0154,-11
2023,1006,Baylor,3,32,2,0.9347,289,-0.0462,-13
2023,1005,Boise St.,10,64,68,0.7594,92,0.0754,27
2023,1004,Colgate,15,64,118,0.6926,143,0.0388,18
2023,1003,College of Charleston,12,64,137,0.661,28,0.1303,66
2023,1002,Connecticut,4,1,55,0.79,12,0.174,53
2023,1001,Creighton,6,8,22,0.8435,133,0.0482,8
2023,1000,Drake,12,64,61,0.7776,190,0.016,-8
2023,999,Duke,5,32,7,0.9067,256,-0.024,-12
2023,998,Fairleigh Dickinson,16,32,354,0.2696,19,0.1538,50
2023,997,Florida Atlantic,9,4,87,0.7322,22,0.141,65
2023,996,Furman,13,32,74,0.7545,218,0.0013,-18
2023,995,Gonzaga,3,8,1,0.9786,278,-0.039,-6
2023,994,Grand Canyon,14,64,114,0.6959,183,0.0186,4
2023,993,Houston,1,16,8,0.9065,82,0.0787,7
2023,992,Howard,16,64,281,0.4488,88,0.0766,45
2023,991,Illinois,9,64,17,0.8546,242,-0.0152,-19
2023,990,Indiana,4,32,12,0.8883,272,-0.0366,-15
2023,989,Iona,13,64,106,0.7086,59,0.093,44
2023,988,Iowa,8,64,21,0.846,234,-0.0111,-19
2023,987,Iowa St.,6,64,48,0.7967,125,0.0514,19
2023,986,Kansas,1,32,10,0.8945,142,0.0395,2
2023,985,Kansas St.,3,8,42,0.8087,147,0.0368,10
2023,984,Kennesaw St.,14,64,225,0.5216,9,0.1782,109
2023,983,Kent St.,13,64,119,0.6922,47,0.105,55
2023,982,Kentucky,6,32,4,0.9241,300,-0.0629,-21
2023,981,Louisiana Lafayette,13,64,130,0.6693,98,0.0703,35
2023,980,Marquette,2,32,71,0.7562,10,0.1759,62
2023,979,Maryland,8,32,46,0.7979,130,0.0488,16
2023,978,Memphis,8,64,19,0.8466,103,0.0664,8
2023,977,Miami FL,5,4,36,0.8252,167,0.0273,10
2023,976,Michigan St.,7,16,26,0.8426,226,-0.0036,-11
2023,975,Mississippi St.,11,68,70,0.7576,136,0.0461,12
2023,974,Missouri,7,32,47,0.7978,158,0.0318,2
2023,973,Montana St.,14,64,131,0.6686,99,0.0698,35
2023,972,Nevada,11,68,161,0.6197,11,0.1751,94
2023,971,North Carolina St.,11,64,67,0.76,73,0.0847,34
2023,970,Northern Kentucky,16,64,169,0.6073,212,0.0037,-13
2023,969,Northwestern,7,32,86,0.7338,39,0.1122,55
2023,968,Oral Roberts,12,64,108,0.703,72,0.0858,35
2023,967,Penn St.,10,32,72,0.7556,96,0.0721,25
2023,966,Pittsburgh,11,32,116,0.6954,57,0.0954,44
2023,965,Princeton,15,16,202,0.5592,13,0.173,104
2023,964,Providence,11,64,65,0.7667,102,0.0671,23
2023,963,Purdue,1,64,31,0.8347,55,0.0968,21
2023,962,Saint Mary's,5,32,58,0.7828,52,0.0978,38
2023,961,San Diego St.,5,2,16,0.8616,172,0.0248,-1
2023,960,Southeast Missouri St.,16,68,310,0.4004,70,0.0868,48
2023,959,TCU,6,32,25,0.8427,205,0.0071,-3
2023,958,Tennessee,4,16,3,0.9343,271,-0.0354,-9
2023,957,Texas,2,8,6,0.9123,165,0.0288,0
2023,956,Texas A&M,7,64,29,0.8394,164,0.029,6
2023,955,Texas A&M Corpus Chris,16,64,190,0.58,178,0.0223,2
2023,954,Texas Southern,16,68,263,0.474,230,-0.0093,-12
2023,953,UC Santa Barbara,14,64,83,0.7407,274,-0.0372,-32
2023,952,UCLA,2,16,11,0.8911,107,0.0653,7
2023,951,UNC Asheville,15,64,181,0.596,201,0.0099,-4
2023,950,USC,10,64,45,0.8007,153,0.033,2
2023,949,Utah St.,10,64,50,0.7959,77,0.0822,29
2023,948,VCU,12,64,77,0.7521,126,0.0501,16
2023,947,Vermont,15,64,92,0.7248,239,-0.0135,-21
2023,946,Virginia,4,64,18,0.8521,240,-0.0137,-20
2023,945,West Virginia,9,64,40,0.8121,95,0.0735,22
2023,944,Xavier,3,16,23,0.843,121,0.0551,10
2022,943,Akron,13,64,132,0.6521,155,-0.0006,7
2022,942,Alabama,6,64,13,0.8566,223,-0.0382,-7
2022,941,Arizona,1,16,35,0.7983,20,0.1134,33
2022,940,Arkansas,4,8,24,0.8253,167,-0.0099,2
2022,939,Auburn,2,32,18,0.8371,121,0.0167,6
2022,938,Baylor,1,32,8,0.8851,147,0.0034,2
2022,937,Boise St.,8,64,72,0.7444,67,0.0475,41
2022,936,Bryant,16,68,183,0.5839,234,-0.0471,-26
2022,935,Cal St. Fullerton,15,64,208,0.5472,114,0.0223,30
2022,934,Chattanooga,13,64,140,0.6426,37,0.087,64
2022,933,Colgate,14,64,81,0.7299,301,-0.1002,-57
2022,932,Colorado St.,6,64,48,0.7754,151,0.0008,8
2022,931,Connecticut,5,64,19,0.835,178,-0.0148,1
2022,930,Creighton,9,32,65,0.751,139,0.0067,8
2022,929,Davidson,10,64,125,0.657,19,0.1157,83
2022,928,Delaware,15,64,160,0.613,71,0.0456,42
2022,927,Duke,2,4,10,0.8765,133,0.0087,3
2022,926,Georgia St.,16,64,122,0.6633,236,-0.0482,-25
2022,925,Gonzaga,1,16,1,0.979,132,0.0111,0
2022,924,Houston,5,8,15,0.8534,68,0.0474,12
2022,923,Illinois,4,32,3,0.9129,276,-0.075,-12
2022,922,Indiana,12,64,30,0.8126,165,-0.0084,3
2022,921,Iowa,5,64,50,0.7718,34,0.0897,40
2022,920,Iowa St.,11,16,188,0.5734,3,0.1973,143
2022,919,Jacksonville St.,15,64,100,0.7004,243,-0.0516,-26
2022,918,Kansas,1,1,2,0.9131,173,-0.013,-2
2022,917,Kentucky,2,64,17,0.8473,74,0.0446,12
2022,916,Longwood,14,64,202,0.5535,70,0.046,43
2022,915,Loyola Chicago,10,64,33,0.8,150,0.0009,4
2022,914,LSU,6,64,43,0.7821,90,0.034,22
2022,913,Marquette,9,64,91,0.7155,95,0.0324,26
2022,912,Memphis,9,32,5,0.8941,295,-0.0919,-23
2022,911,Miami FL,10,8,84,0.7256,77,0.043,35
2022,910,Michigan,11,16,4,0.91,305,-0.1047,-22
2022,909,Michigan St.,7,32,28,0.8185,215,-0.0347,-7
2022,908,Montana St.,14,64,207,0.5477,36,0.0885,73
2022,907,Murray St.,7,32,86,0.721,64,0.0494,40
2022,906,New Mexico St.,12,32,97,0.7053,143,0.005,13
2022,905,Norfolk St.,16,64,289,0.4392,25,0.1045,87
2022,904,North Carolina,8,2,25,0.8245,182,-0.0156,0
2022,903,Notre Dame,11,32,45,0.7791,168,-0.01,-3
2022,902,Ohio St.,7,32,11,0.8699,282,-0.0829,-21
2022,901,Providence,4,16,52,0.7684,149,0.001,5
2022,900,Purdue,3,16,6,0.8936,239,-0.0496,-8
2022,899,Richmond,12,32,46,0.7788,255,-0.0602,-35
2022,898,Rutgers,11,68,60,0.7574,261,-0.0652,-32
2022,897,Saint Mary's,5,32,41,0.7874,109,0.0241,18
2022,896,Saint Peter's,15,8,143,0.6403,140,0.0066,15
2022,895,San Diego St.,8,64,36,0.7967,183,-0.016,-1
2022,894,San Francisco,10,64,47,0.7762,62,0.0537,31
2022,893,Seton Hall,8,64,34,0.7985,194,-0.0209,-5
2022,892,South Dakota St.,13,64,102,0.6946,98,0.0297,25
2022,891,TCU,9,32,82,0.7268,56,0.0593,49
2022,890,Tennessee,3,32,16,0.8533,124,0.0151,8
2022,889,Texas,6,32,9,0.8799,256,-0.061,-10
2022,888,Texas A&M Corpus Chris,16,68,333,0.3591,11,0.1417,103
2022,887,Texas Southern,16,64,252,0.5021,59,0.0558,62
2022,886,Texas Tech,3,16,27,0.8206,94,0.0324,14
2022,885,UAB,12,64,61,0.7571,156,-0.0019,2
2022,884,UCLA,4,16,7,0.8927,199,-0.0256,-2
2022,883,USC,7,64,22,0.8276,231,-0.0439,-14
2022,882,Vermont,13,64,103,0.6917,69,0.0474,33
2022,881,Villanova,2,4,12,0.8578,146,0.0035,1
2022,880,Virginia Tech,11,64,44,0.7799,73,0.0454,27
2022,879,Wisconsin,3,32,53,0.7676,79,0.0418,29
2022,878,Wright St.,16,64,112,0.6761,325,-0.1296,-88
2022,877,Wyoming,12,68,127,0.656,40,0.0814,56
2022,876,Yale,14,64,121,0.6648,240,-0.0511,-28
2021,875,Abilene Christian,14,32,125,0.6488,93,0.0743,29
2021,874,Alabama,2,16,35,0.7966,98,0.0703,24
2021,873,Appalachian St.,16,68,244,0.4607,141,0.0389,15
2021,872,Arkansas,3,8,58,0.7606,79,0.0873,37
2021,871,Baylor,1,1,2,0.9028,183,0.0064,-3
2021,870,BYU,6,64,55,0.7629,69,0.0936,37
2021,869,Clemson,7,64,65,0.7544,156,0.0235,3
2021,868,Cleveland St.,15,64,193,0.532,115,0.0631,14
2021,867,Colgate,14,64,162,0.5754,6,0.2234,114
2021,866,Colorado,5,32,56,0.7629,64,0.1017,43
2021,865,Connecticut,7,64,36,0.7965,100,0.0699,24
2021,864,Creighton,5,16,10,0.8548,200,-0.0048,-9
2021,863,Drake,11,64,136,0.6269,39,0.1325,66
2021,862,Drexel,16,64,167,0.5664,85,0.0809,34
2021,861,Eastern Washington,14,64,156,0.5854,26,0.1536,72
2021,860,Florida,7,32,14,0.8424,213,-0.013,-17
2021,859,Florida St.,4,16,15,0.8387,176,0.0105,-5
2021,858,Georgetown,12,64,117,0.6623,36,0.1397,74
2021,857,Georgia Tech,9,64,53,0.764,116,0.062,19
2021,856,Gonzaga,1,2,1,0.9704,164,0.0212,-1
2021,855,Grand Canyon,15,64,174,0.555,17,0.1865,92
2021,854,Hartford,16,64,257,0.4377,61,0.1067,56
2021,853,Houston,2,4,24,0.8198,76,0.0887,18
2021,852,Illinois,1,32,16,0.8349,70,0.0933,13
2021,851,Iona,15,64,254,0.4424,12,0.2085,126
2021,850,Iowa,2,32,23,0.8231,78,0.088,19
2021,849,Kansas,3,32,8,0.87,242,-0.0345,-18
2021,848,Liberty,13,64,165,0.569,28,0.1523,68
2021,847,Loyola Chicago,8,16,44,0.7735,97,0.0717,21
2021,846,LSU,8,32,48,0.7678,118,0.0612,16
2021,845,Maryland,10,32,69,0.7469,114,0.0638,29
2021,844,Michigan,1,8,9,0.857,134,0.0461,2
2021,843,Michigan St.,11,68,12,0.8539,327,-0.1328,-86
2021,842,Missouri,9,64,54,0.7634,120,0.0595,18
2021,841,Morehead St.,14,64,280,0.4138,5,0.2305,144
2021,840,Mount St. Mary's,16,68,258,0.4375,90,0.0768,41
2021,839,Norfolk St.,16,64,192,0.5354,170,0.0146,-6
2021,838,North Carolina,8,64,20,0.8313,206,-0.0087,-17
2021,837,North Texas,13,32,70,0.7467,188,0.0044,-6
2021,836,Ohio,13,32,119,0.6563,53,0.117,56
2021,835,Ohio St.,2,64,13,0.8504,155,0.0247,5
2021,834,Oklahoma,8,32,28,0.8069,203,-0.007,-18
2021,833,Oklahoma St.,4,32,40,0.7803,126,0.0514,10
2021,832,Oral Roberts,15,16,208,0.5089,49,0.1262,64
2021,831,Oregon,7,16,17,0.8346,193,-0.0013,-12
2021,830,Oregon St.,12,8,133,0.6288,34,0.1421,66
2021,829,Purdue,4,64,41,0.7773,105,0.0668,17
2021,828,Rutgers,10,32,30,0.8044,212,-0.0126,-23
2021,827,San Diego St.,6,64,60,0.757,60,0.1103,50
2021,826,St. Bonaventure,9,64,92,0.704,45,0.1295,64
2021,825,Syracuse,11,16,25,0.8161,233,-0.0256,-30
2021,824,Tennessee,5,64,21,0.8261,145,0.0322,5
2021,823,Texas,3,64,7,0.8709,195,-0.0031,-2
2021,822,Texas Southern,16,64,215,0.4992,129,0.051,18
2021,821,Texas Tech,6,32,5,0.879,239,-0.0313,-17
2021,820,UC Santa Barbara,12,64,168,0.5628,13,0.2084,102
2021,819,UCLA,11,4,37,0.7962,177,0.0105,-4
2021,818,UNC Greensboro,13,64,74,0.7381,270,-0.0554,-39
2021,817,USC,6,8,63,0.7553,62,0.1053,48
2021,816,Utah St.,11,64,91,0.7062,77,0.0881,40
2021,815,VCU,10,64,114,0.6668,50,0.1256,62
2021,814,Villanova,5,16,6,0.8747,263,-0.0505,-29
2021,813,Virginia,4,64,19,0.8324,179,0.0071,-6
2021,812,Virginia Tech,10,64,51,0.7662,167,0.0196,-6
2021,811,West Virginia,3,32,4,0.893,244,-0.0353,-13
2021,810,Wichita St.,11,68,79,0.7273,146,0.0321,8
2021,809,Winthrop,12,64,143,0.6174,63,0.1027,44
2021,808,Wisconsin,9,32,11,0.8541,181,0.0069,-3
2019,807,Abilene Christian,15,64,203,0.5327,47,0.1204,57
2019,806,Arizona St.,11,64,30,0.8216,258,-0.0273,-28
2019,805,Auburn,5,4,12,0.8738,193,0.0178,-3
2019,804,Baylor,9,32,72,0.7437,103,0.0702,22
2019,803,Belmont,11,64,114,0.6732,35,0.1413,65
2019,802,Bradley,15,64,105,0.6914,318,-0.0805,-69
2019,801,Buffalo,6,32,78,0.7345,40,0.1338,57
2019,800,Cincinnati,7,64,54,0.7759,90,0.0793,27
2019,799,Colgate,15,64,226,0.5122,23,0.1636,88
2019,798,Duke,1,8,2,0.9437,146,0.0449,1
2019,797,Fairleigh Dickinson,16,64,262,0.4583,82,0.0868,40
2019,796,Florida,10,32,15,0.8613,220,0.0028,-8
2019,795,Florida St.,4,16,19,0.8541,150,0.04,5
2019,794,Gardner Webb,16,64,179,0.5699,164,0.0332,0
2019,793,Georgia St.,14,64,101,0.6973,166,0.0321,3
2019,792,Gonzaga,1,8,5,0.9177,124,0.0586,3
2019,791,Houston,3,16,43,0.7905,48,0.1203,33
2019,790,Iona,16,64,139,0.6358,320,-0.0816,-72
2019,789,Iowa,10,32,37,0.8108,160,0.0336,2
2019,788,Iowa St.,6,64,27,0.8247,99,0.0718,14
2019,787,Kansas,4,32,1,0.9765,333,-0.1058,-19
2019,786,Kansas St.,4,64,17,0.8564,207,0.0071,-7
2019,785,Kentucky,2,8,4,0.9197,204,0.0087,-4
2019,784,Liberty,12,32,141,0.6352,39,0.1348,71
2019,783,Louisville,7,64,51,0.782,58,0.1082,34
2019,782,LSU,3,16,68,0.7474,34,0.144,52
2019,781,Marquette,5,64,26,0.8252,154,0.0375,1
2019,780,Maryland,6,32,38,0.8097,140,0.049,12
2019,779,Michigan,2,16,21,0.8376,67,0.1034,15
2019,778,Michigan St.,2,4,10,0.8821,94,0.0751,5
2019,777,Minnesota,10,32,69,0.7444,121,0.0589,14
2019,776,Mississippi,8,64,85,0.7183,46,0.123,47
2019,775,Mississippi St.,5,64,18,0.8551,181,0.0242,-1
2019,774,Montana,15,64,75,0.7369,293,-0.0475,-55
2019,773,Murray St.,12,32,229,0.5072,2,0.3147,184
2019,772,Nevada,7,64,6,0.9018,298,-0.0501,-25
2019,771,New Mexico St.,12,64,82,0.7258,85,0.0864,30
2019,770,North Carolina,1,16,3,0.9296,158,0.0343,-1
2019,769,North Carolina Central,16,68,329,0.3459,71,0.0996,34
2019,768,North Dakota St.,16,64,193,0.5545,198,0.0146,-6
2019,767,Northeastern,13,64,73,0.7414,216,0.0045,-11
2019,766,Northern Kentucky,14,64,117,0.6707,119,0.0596,20
2019,765,Ohio St.,11,32,57,0.7693,141,0.0488,11
2019,764,Oklahoma,9,32,45,0.7878,129,0.0565,9
2019,763,Old Dominion,14,64,154,0.6069,77,0.0893,28
2019,762,Oregon,12,16,16,0.8607,292,-0.0474,-35
2019,761,Prairie View A&M,16,68,302,0.395,22,0.165,97
2019,760,Purdue,3,8,36,0.8122,83,0.0868,24
2019,759,Saint Louis,13,64,53,0.7773,312,-0.065,-56
2019,758,Saint Mary's,11,64,52,0.7805,109,0.0658,19
2019,757,Seton Hall,10,64,24,0.826,269,-0.0319,-35
2019,756,St. John's,11,68,31,0.8198,284,-0.042,-36
2019,755,Syracuse,8,64,13,0.8641,250,-0.023,-27
2019,754,Temple,11,68,80,0.7296,118,0.0607,17
2019,753,Tennessee,2,16,11,0.8765,133,0.0528,4
2019,752,Texas Tech,3,2,28,0.8243,76,0.09,19
2019,751,UC Irvine,13,32,86,0.716,142,0.0485,12
2019,750,UCF,9,32,56,0.7693,100,0.0716,15
2019,749,Utah St.,8,64,124,0.6609,15,0.1829,87
2019,748,VCU,8,64,122,0.6618,12,0.1903,92
2019,747,Vermont,13,64,134,0.6446,62,0.1061,53
2019,746,Villanova,6,32,9,0.8895,294,-0.0483,-30
2019,745,Virginia,1,1,7,0.8988,106,0.0677,4
2019,744,Virginia Tech,4,16,20,0.8378,98,0.0721,9
2019,743,Washington,9,32,48,0.7846,192,0.0185,-8
2019,742,Wisconsin,5,64,22,0.8295,138,0.0502,4
2019,741,Wofford,7,32,100,0.6994,21,0.1668,78
2019,740,Yale,14,64,107,0.6853,102,0.0709,29
2018,739,Alabama,9,32,27,0.8626,296,-0.08,-33
2018,738,Arizona,4,64,1,0.9778,333,-0.1299,-25
2018,737,Arizona St.,11,68,81,0.75,87,0.0554,34
2018,736,Arkansas,7,64,46,0.8206,172,0.0026,10
2018,735,Auburn,4,32,37,0.8361,138,0.0257,18
2018,734,Bucknell,14,64,76,0.7701,290,-0.0746,-37
2018,733,Buffalo,13,32,153,0.6282,17,0.1523,90
2018,732,Butler,10,32,39,0.8346,169,0.0056,9
2018,731,Cal St. Fullerton,15,64,280,0.4286,15,0.1584,101
2018,730,Cincinnati,2,32,10,0.9069,180,-0.0022,1
2018,729,Clemson,5,16,52,0.8158,123,0.0319,25
2018,728,College of Charleston,13,64,75,0.772,336,-0.1411,-77
2018,727,Creighton,8,64,44,0.8221,143,0.0239,15
2018,726,Davidson,12,64,91,0.7265,73,0.0642,39
2018,725,Duke,2,8,5,0.9485,163,0.0104,3
2018,724,Florida,6,32,8,0.9364,262,-0.055,-7
2018,723,Florida St.,9,8,63,0.7989,145,0.0231,24
2018,722,Georgia St.,15,64,136,0.6491,52,0.0819,43
2018,721,Gonzaga,4,16,20,0.8746,105,0.0424,13
2018,720,Houston,6,32,70,0.7789,49,0.0859,52
2018,719,Iona,15,64,122,0.6711,202,-0.0165,-10
2018,718,Kansas,1,4,7,0.9404,206,-0.0194,1
2018,717,Kansas St.,9,8,41,0.8263,184,-0.004,3
2018,716,Kentucky,5,16,4,0.9559,295,-0.0794,-12
2018,715,Lipscomb,15,64,116,0.6782,236,-0.038,-24
2018,714,LIU Brooklyn,16,68,284,0.4203,93,0.051,25
2018,713,Loyola Chicago,11,4,84,0.7486,109,0.0387,28
2018,712,Marshall,13,32,202,0.5487,18,0.1484,92
2018,711,Miami FL,6,64,22,0.8699,208,-0.0209,-2
2018,710,Michigan,3,2,31,0.8501,115,0.035,17
2018,709,Michigan St.,3,32,6,0.9445,213,-0.0234,1
2018,708,Missouri,8,64,61,0.7997,150,0.021,20
2018,707,Montana,14,64,165,0.6174,35,0.1176,77
2018,706,Murray St.,12,64,159,0.6222,22,0.1418,88
2018,705,Nevada,7,16,62,0.7993,113,0.036,30
2018,704,New Mexico St.,12,64,100,0.7139,50,0.085,50
2018,703,North Carolina,2,32,12,0.9053,129,0.0291,9
2018,702,North Carolina Central,16,68,304,0.3923,226,-0.0295,-17
2018,701,North Carolina St.,9,64,85,0.7435,124,0.0316,19
2018,700,Ohio St.,5,32,73,0.7733,38,0.0975,56
2018,699,Oklahoma,10,64,26,0.8634,265,-0.057,-20
2018,698,Penn,16,64,144,0.6395,96,0.0489,26
2018,697,Providence,10,64,28,0.855,273,-0.0605,-23
2018,696,Purdue,2,16,14,0.9,144,0.0232,10
2018,695,Radford,16,64,234,0.5006,48,0.0865,56
2018,694,Rhode Island,7,32,51,0.8161,187,-0.0082,7
2018,693,San Diego St.,11,64,47,0.8198,200,-0.0148,-1
2018,692,Seton Hall,8,32,23,0.869,193,-0.0106,2
2018,691,South Dakota St.,12,64,114,0.6833,37,0.1044,60
2018,690,St. Bonaventure,11,64,79,0.7523,158,0.0144,9
2018,689,Stephen F. Austin,14,64,214,0.5317,7,0.1773,113
2018,688,Syracuse,11,16,71,0.7761,165,0.0088,14
2018,687,TCU,6,64,17,0.8818,222,-0.0275,-6
2018,686,Tennessee,3,32,53,0.8127,56,0.0785,40
2018,685,Texas,10,64,32,0.8493,214,-0.0235,-3
2018,684,Texas A&M,7,16,18,0.8798,228,-0.0317,-7
2018,683,Texas Southern,16,64,277,0.4333,77,0.0632,34
2018,682,Texas Tech,3,8,38,0.8359,86,0.0566,26
2018,681,UCLA,11,68,34,0.8459,241,-0.0416,-15
2018,680,UMBC,16,32,200,0.5507,132,0.0271,15
2018,679,UNC Greensboro,13,64,154,0.6268,43,0.0951,57
2018,678,Villanova,1,1,3,0.9614,139,0.0256,2
2018,677,Virginia,1,64,16,0.8842,126,0.0309,8
2018,676,Virginia Tech,8,64,55,0.8108,114,0.0359,27
2018,675,West Virginia,5,16,9,0.9278,230,-0.0333,-2
2018,674,Wichita St.,4,64,2,0.9633,315,-0.1047,-18
2018,673,Wright St.,14,64,187,0.5718,42,0.0959,61
2018,672,Xavier,1,32,15,0.8843,152,0.0197,5
2017,671,Arizona,2,16,8,0.8974,216,-0.025,-11
2017,670,Arkansas,8,32,58,0.7804,141,0.0206,13
2017,669,Baylor,3,16,22,0.8406,106,0.0406,11
2017,668,Bucknell,13,64,180,0.5811,17,0.1441,95
2017,667,Butler,4,16,23,0.8396,143,0.02,-3
2017,666,Cincinnati,6,32,29,0.825,108,0.0388,6
2017,665,Creighton,6,64,25,0.8368,123,0.0291,3
2017,664,Dayton,7,64,37,0.8172,222,-0.0302,-15
2017,663,Duke,2,32,1,0.9807,287,-0.0699,-7
2017,662,East Tennessee St.,13,64,152,0.6195,15,0.1453,89
2017,661,Florida,4,8,17,0.8596,96,0.0512,8
2017,660,Florida Gulf Coast,14,64,116,0.6698,137,0.0222,9
2017,659,Florida St.,3,32,41,0.8096,112,0.0362,14
2017,658,Gonzaga,1,2,13,0.8658,28,0.1236,12
2017,657,Iona,14,64,117,0.6689,152,0.0115,3
2017,656,Iowa St.,5,32,24,0.838,105,0.041,12
2017,655,Jacksonville St.,15,64,295,0.416,7,0.1819,125
2017,654,Kansas,1,8,3,0.959,249,-0.0432,-3
2017,653,Kansas St.,11,64,56,0.7816,81,0.0622,28
2017,652,Kent St.,14,64,193,0.5669,64,0.0764,55
2017,651,Kentucky,2,8,5,0.9419,190,-0.0118,1
2017,650,Louisville,2,32,11,0.8899,130,0.0251,4
2017,649,Marquette,10,64,49,0.803,128,0.0271,17
2017,648,Maryland,6,64,46,0.8064,147,0.0167,11
2017,647,Miami FL,8,64,30,0.8244,165,0.0061,-1
2017,646,Michigan,7,16,28,0.8258,103,0.0427,7
2017,645,Michigan St.,9,32,18,0.8583,276,-0.0592,-30
2017,644,Middle Tennessee,12,32,119,0.6619,16,0.1452,76
2017,643,Minnesota,5,64,82,0.7226,37,0.1073,49
2017,642,Mount St. Mary's,16,64,287,0.4341,25,0.1292,92
2017,641,Nevada,12,64,95,0.7027,57,0.0821,42
2017,640,New Mexico St.,14,64,128,0.6459,77,0.0645,37
2017,639,New Orleans,16,68,298,0.4126,13,0.1494,102
2017,638,North Carolina,1,1,4,0.9421,186,-0.0075,1
2017,637,North Carolina Central,16,68,280,0.4385,6,0.1905,127
2017,636,North Dakota,15,64,172,0.5923,151,0.0125,7
2017,635,Northern Kentucky,15,64,254,0.4761,9,0.16,111
2017,634,Northwestern,8,32,63,0.7592,79,0.063,27
2017,633,Notre Dame,5,32,50,0.801,62,0.0771,35
2017,632,Oklahoma St.,10,64,61,0.7717,38,0.1072,48
2017,631,Oregon,3,4,6,0.9206,275,-0.0577,-18
2017,630,Princeton,12,64,36,0.8173,256,-0.0458,-24
2017,629,Providence,11,68,62,0.7603,142,0.0201,6
2017,628,Purdue,4,16,12,0.8776,175,-0.0003,-5
2017,627,Rhode Island,11,32,42,0.8094,148,0.0167,8
2017,626,Saint Mary's,7,32,21,0.8457,119,0.0312,3
2017,625,Seton Hall,9,64,43,0.8078,202,-0.0167,-7
2017,624,SMU,6,64,51,0.7979,61,0.0795,35
2017,623,South Carolina,7,4,69,0.749,82,0.0619,30
2017,622,South Dakota St.,16,64,109,0.6802,331,-0.1275,-94
2017,621,Texas Southern,16,64,255,0.4732,100,0.0484,36
2017,620,Troy,15,64,232,0.5068,20,0.1401,98
2017,619,UC Davis,16,64,242,0.4897,89,0.0558,33
2017,618,UCLA,3,16,15,0.8612,146,0.0173,1
2017,617,UNC Wilmington,12,64,71,0.7424,117,0.033,13
2017,616,USC,11,32,57,0.7811,206,-0.0186,-8
2017,615,Vanderbilt,9,64,55,0.7826,97,0.0506,25
2017,614,VCU,10,64,34,0.8185,266,-0.0545,-30
2017,613,Vermont,13,64,101,0.6967,80,0.0627,34
2017,612,Villanova,1,32,2,0.9776,221,-0.0301,0
2017,611,Virginia,5,32,10,0.8922,210,-0.0202,-10
2017,610,Virginia Tech,9,64,38,0.8137,188,-0.0092,-6
2017,609,Wake Forest,11,68,73,0.7377,45,0.0985,44
2017,608,West Virginia,4,16,19,0.853,76,0.065,14
2017,607,Wichita St.,10,32,33,0.8194,69,0.0713,23
2017,606,Winthrop,13,64,131,0.6405,86,0.0594,31
2017,605,Wisconsin,8,16,7,0.9037,248,-0.0427,-18
2017,604,Xavier,11,8,9,0.8923,293,-0.0751,-28
2016,603,Arizona,6,64,6,0.9205,288,-0.0605,-16
2016,602,Austin Peay,16,64,291,0.3939,40,0.1193,65
2016,601,Baylor,5,64,16,0.8717,223,-0.0163,-9
2016,600,Buffalo,14,64,146,0.632,150,0.022,13
2016,599,Butler,9,32,35,0.8338,170,0.0128,8
2016,598,Cal St. Bakersfield,15,64,200,0.5412,11,0.18,97
2016,597,California,4,64,36,0.8308,179,0.005,4
2016,596,Chattanooga,12,64,136,0.6452,114,0.0489,24
2016,595,Cincinnati,9,64,23,0.8545,254,-0.0381,-16
2016,594,Colorado,8,64,70,0.7625,177,0.0051,4
2016,593,Connecticut,9,32,24,0.8523,215,-0.0104,-4
2016,592,Dayton,7,64,50,0.803,169,0.0131,10
2016,591,Duke,4,16,2,0.9664,322,-0.1025,-18
2016,590,Fairleigh Dickinson,16,68,320,0.3224,16,0.162,71
2016,589,Florida Gulf Coast,16,64,241,0.4689,55,0.103,50
2016,588,Fresno St.,14,64,105,0.6958,176,0.006,-4
2016,587,Gonzaga,11,16,7,0.9075,252,-0.0374,-8
2016,586,Green Bay,14,64,149,0.629,127,0.0336,22
2016,585,Hampton,16,64,253,0.4581,172,0.0111,-6
2016,584,Hawaii,13,32,91,0.7259,87,0.0654,37
2016,583,Holy Cross,16,64,254,0.4577,218,-0.0126,-20
2016,582,Indiana,5,16,13,0.8818,245,-0.0304,-13
2016,581,Iona,13,64,84,0.7436,232,-0.0222,-18
2016,580,Iowa,7,32,42,0.8243,115,0.0486,28
2016,579,Iowa St.,4,16,11,0.891,221,-0.0142,-1
2016,578,Kansas,1,8,1,0.9831,183,0.0017,0
2016,577,Kentucky,4,32,3,0.9627,286,-0.0599,-7
2016,576,Little Rock,12,32,190,0.5561,3,0.2193,129
2016,575,Maryland,5,16,12,0.8837,238,-0.0276,-12
2016,574,Miami FL,3,16,27,0.8502,125,0.0383,16
2016,573,Michigan,11,64,19,0.8637,275,-0.0514,-23
2016,572,Michigan St.,2,64,14,0.8805,97,0.0597,11
2016,571,Middle Tennessee,15,32,109,0.6883,191,-0.0022,-7
2016,570,North Carolina,1,2,4,0.9421,198,-0.0034,0
2016,569,Northern Iowa,11,32,77,0.7531,168,0.0133,8
2016,568,Notre Dame,6,8,20,0.8584,287,-0.0599,-28
2016,567,Oklahoma,2,4,9,0.9008,162,0.0139,3
2016,566,Oregon,1,8,30,0.8451,148,0.0224,12
2016,565,Oregon St.,7,64,53,0.796,229,-0.019,-7
2016,564,Pittsburgh,10,64,32,0.8371,186,0.0009,1
2016,563,Providence,9,32,73,0.7561,100,0.0594,32
2016,562,Purdue,5,64,21,0.8579,107,0.053,14
2016,561,Saint Joseph's,8,32,94,0.7213,42,0.1172,65
2016,560,Seton Hall,6,64,83,0.7454,44,0.1134,60
2016,559,South Dakota St.,12,64,101,0.7021,117,0.0468,23
2016,558,Southern,16,68,262,0.4454,98,0.0597,28
2016,557,Stephen F. Austin,14,32,61,0.7793,203,-0.0055,-1
2016,556,Stony Brook,13,64,89,0.7298,159,0.0156,6
2016,555,Syracuse,10,4,34,0.8341,224,-0.0164,-2
2016,554,Temple,10,64,69,0.7653,237,-0.0275,-20
2016,553,Texas,6,64,22,0.855,234,-0.0245,-11
2016,552,Texas A&M,3,16,43,0.8231,110,0.0523,30
2016,551,Texas Tech,8,64,104,0.6975,62,0.093,49
2016,550,Tulsa,11,68,49,0.8043,292,-0.0639,-38
2016,549,UNC Asheville,15,64,258,0.4505,5,0.201,118
2016,548,UNC Wilmington,13,64,158,0.6029,27,0.1373,70
2016,547,USC,8,64,63,0.775,135,0.0295,17
2016,546,Utah,3,32,15,0.8718,264,-0.0415,-19
2016,545,Vanderbilt,11,68,26,0.8518,156,0.0179,10
2016,544,VCU,10,32,47,0.807,154,0.019,12
2016,543,Villanova,2,1,5,0.934,164,0.0138,3
2016,542,Virginia,1,8,8,0.9071,188,0.0008,0
2016,541,Weber St.,15,64,161,0.5956,96,0.0598,30
2016,540,West Virginia,3,64,31,0.8439,72,0.0868,26
2016,539,Wichita St.,11,32,10,0.8945,243,-0.03,-9
2016,538,Wisconsin,7,16,18,0.8667,281,-0.0552,-25
2016,537,Xavier,2,32,29,0.8458,99,0.0596,20
2016,536,Yale,12,32,142,0.6372,20,0.1511,85
2015,535,Albany,14,64,203,0.5559,30,0.1094,75
2015,534,Arizona,2,8,5,0.9185,140,0.0186,1
2015,533,Arkansas,5,32,40,0.7959,95,0.0454,12
2015,532,Baylor,3,64,35,0.8042,47,0.0834,24
2015,531,Belmont,15,64,93,0.7064,305,-0.0951,-64
2015,530,Boise St.,11,68,71,0.742,104,0.0385,15
2015,529,Buffalo,12,64,149,0.6227,13,0.1606,95
2015,528,Butler,6,32,70,0.7446,29,0.1106,49
2015,527,BYU,11,68,38,0.799,84,0.052,13
2015,526,Cincinnati,8,32,52,0.7667,127,0.0265,3
2015,525,Coastal Carolina,16,64,169,0.6,96,0.0436,32
2015,524,Davidson,10,64,115,0.6723,21,0.1363,74
2015,523,Dayton,11,32,47,0.7756,193,-0.0097,-19
2015,522,Duke,1,1,3,0.9582,183,-0.0045,1
2015,521,Eastern Washington,13,64,190,0.5771,42,0.0894,65
2015,520,Georgetown,4,32,28,0.8176,110,0.036,6
2015,519,Georgia,10,64,62,0.7568,81,0.0543,24
2015,518,Georgia St.,14,32,65,0.7498,151,0.01,-3
2015,517,Gonzaga,2,8,11,0.8748,92,0.0474,5
2015,516,Hampton,16,64,224,0.5361,295,-0.0827,-50
2015,515,Harvard,13,64,31,0.8098,309,-0.097,-64
2015,514,Indiana,10,64,30,0.812,192,-0.0083,-13
2015,513,Iowa,7,32,23,0.8299,113,0.0347,5
2015,512,Iowa St.,3,64,15,0.8591,130,0.026,2
2015,511,Kansas,2,32,4,0.9497,273,-0.0636,-8
2015,510,Kentucky,1,4,2,0.9698,133,0.0235,1
2015,509,Lafayette,16,64,158,0.614,234,-0.0347,-21
2015,508,Louisville,4,8,1,0.9753,310,-0.0988,-14
2015,507,LSU,9,64,59,0.7611,83,0.0529,23
2015,506,Manhattan,16,68,99,0.6945,282,-0.0694,-50
2015,505,Maryland,4,32,36,0.8005,119,0.0304,6
2015,504,Michigan St.,7,4,13,0.869,170,0.0021,-4
2015,503,Mississippi,11,64,44,0.7783,118,0.0311,5
2015,502,New Mexico St.,15,64,81,0.7272,231,-0.0317,-29
2015,501,North Carolina,4,16,9,0.8775,109,0.0363,2
2015,500,North Carolina St.,8,16,45,0.7783,103,0.0388,11
2015,499,North Dakota St.,15,64,159,0.6138,229,-0.0314,-17
2015,498,North Florida,16,68,228,0.5304,46,0.0864,75
2015,497,Northeastern,14,64,123,0.6591,99,0.0408,15
2015,496,Northern Iowa,5,32,53,0.7666,40,0.0955,33
2015,495,Notre Dame,3,8,46,0.7762,32,0.1075,32
2015,494,Ohio St.,10,32,16,0.8589,188,-0.007,-7
2015,493,Oklahoma,3,16,19,0.8459,90,0.0488,9
2015,492,Oklahoma St.,9,64,32,0.8091,208,-0.0153,-16
2015,491,Oregon,8,32,50,0.7682,142,0.0163,-3
2015,490,Providence,6,64,76,0.7363,27,0.1148,52
2015,489,Purdue,9,64,58,0.7629,78,0.0548,25
2015,488,Robert Morris,16,64,195,0.5729,201,-0.0135,2
2015,487,San Diego St.,8,32,26,0.8215,207,-0.0145,-16
2015,486,SMU,6,64,25,0.8254,166,0.0038,-6
2015,485,St. John's,9,64,57,0.7645,62,0.0674,28
2015,484,Stephen F. Austin,12,64,89,0.7145,52,0.077,38
2015,483,Texas,11,64,17,0.8588,162,0.0051,-2
2015,482,Texas Southern,15,64,276,0.4593,65,0.0656,57
2015,481,UAB,14,32,212,0.5514,54,0.0721,61
2015,480,UC Irvine,13,64,86,0.7204,154,0.0091,4
2015,479,UCLA,11,16,21,0.8348,272,-0.0624,-38
2015,478,Utah,5,16,34,0.8077,39,0.0984,25
2015,477,Valparaiso,13,64,155,0.6207,14,0.1545,97
2015,476,VCU,7,64,14,0.8625,251,-0.048,-21
2015,475,Villanova,1,32,8,0.8944,86,0.0514,5
2015,474,Virginia,2,32,12,0.8706,107,0.0373,4
2015,473,West Virginia,5,16,49,0.7683,48,0.0815,23
2015,472,Wichita St.,7,16,10,0.8768,179,-0.0025,-6
2015,471,Wisconsin,1,2,6,0.9049,126,0.0269,1
2015,470,Wofford,12,64,132,0.6466,91,0.0481,21
2015,469,Wyoming,12,64,87,0.7151,289,-0.0765,-55
2015,468,Xavier,6,16,61,0.7578,41,0.09,34